<?xml version="1.0" encoding="utf-8"?>
<edmx:Edmx Version="1.0" xmlns:edmx="http://schemas.microsoft.com/ado/2007/06/edmx"
	xmlns:m="http://schemas.microsoft.com/ado/2007/08/dataservices/metadata" xmlns:sap="http://www.sap.com/Protocols/SAPData">
	<edmx:DataServices m:DataServiceVersion="2.0">
		<Schema Namespace="ZUPLOAD_FILE_NEW_SRV" xml:lang="en" sap:schema-version="1" xmlns="http://schemas.microsoft.com/ado/2008/09/edm">
			<EntityType Name="FILE" m:HasStream="true" sap:content-version="1">
				<Key><PropertyRef Name="Filename"/></Key><Property Name="Mandt" Type="Edm.String" MaxLength="3" sap:unicode="false" sap:label="Client" sap:creatable="false" sap:updatable="false"
					sap:sortable="false" sap:filterable="false"/><Property Name="Zreturn" Type="Edm.String" sap:unicode="false" sap:label="string" sap:creatable="false" sap:updatable="false"
					sap:sortable="false" sap:filterable="false"/><Property Name="Filename" Type="Edm.String" Nullable="false" MaxLength="100" sap:unicode="false" sap:label="Character 100"
					sap:sortable="false" sap:filterable="false"/><Property Name="Sydate" Type="Edm.DateTime" Precision="7" sap:unicode="false" sap:label="Current Date" sap:sortable="false"
					sap:filterable="false"/><Property Name="Sytime" Type="Edm.Time" Precision="0" sap:unicode="false" sap:label="Time" sap:sortable="false" sap:filterable="false"/><Property Name="Value" Type="Edm.Binary" sap:unicode="false" sap:label="Binary String" sap:sortable="false" sap:filterable="false"/><Property Name="Name" Type="Edm.String" MaxLength="12" sap:unicode="false" sap:label="UserName"/><Property Name="Mimetype" Type="Edm.String" MaxLength="100" sap:unicode="false" sap:label="char value" sap:sortable="false"
					sap:filterable="false"/></EntityType>
			<EntityType Name="ERROR_RECORDS" sap:content-version="1">
				<Key><PropertyRef Name="Filename"/><PropertyRef Name="Zdate"/></Key><Property Name="Filename" Type="Edm.String" Nullable="false" MaxLength="128" sap:unicode="false" sap:label="File name" sap:creatable="false"
					sap:updatable="false"/><Property Name="Name" Type="Edm.String" Nullable="false" MaxLength="12" sap:unicode="false" sap:label="User Name" sap:creatable="false"
					sap:updatable="false" sap:sortable="false" sap:filterable="false"/><Property Name="Uzeit" Type="Edm.Time" Nullable="false" Precision="0" sap:unicode="false" sap:label="Time" sap:creatable="false"
					sap:updatable="false" sap:sortable="false" sap:filterable="false"/><Property Name="Zdate" Type="Edm.DateTime" Nullable="false" Precision="7" sap:unicode="false" sap:label="Current Date" sap:creatable="false"
					sap:updatable="false"/><Property Name="Sno" Type="Edm.String" Nullable="false" MaxLength="10" sap:unicode="false" sap:label="Character Field with Length 10"
					sap:creatable="false" sap:updatable="false" sap:sortable="false" sap:filterable="false"/><Property Name="Type" Type="Edm.String" Nullable="false" MaxLength="7" sap:unicode="false" sap:label="TYPE" sap:creatable="false"
					sap:updatable="false"/><Property Name="Message" Type="Edm.String" Nullable="false" MaxLength="200" sap:unicode="false" sap:label="c" sap:creatable="false"
					sap:updatable="false" sap:sortable="false" sap:filterable="false"/></EntityType>
			<EntityType Name="So_Display" sap:content-version="1">
				<Key><PropertyRef Name="Vbeln"/></Key><Property Name="Vbeln" Type="Edm.String" Nullable="false" MaxLength="10" sap:unicode="false" sap:label="Sales Document"
					sap:creatable="false" sap:updatable="false" sap:sortable="false"/><Property Name="Vkorg" Type="Edm.String" Nullable="false" MaxLength="4" sap:unicode="false" sap:label="Sales Org." sap:creatable="false"
					sap:updatable="false" sap:sortable="false"/><Property Name="Matnr" Type="Edm.String" Nullable="false" MaxLength="40" sap:unicode="false" sap:label="Material" sap:creatable="false"
					sap:updatable="false" sap:sortable="false"/><Property Name="Kwmeng" Type="Edm.Decimal" Nullable="false" Precision="15" Scale="3" sap:unicode="false" sap:label="Order quantity"
					sap:creatable="false" sap:updatable="false" sap:sortable="false" sap:filterable="false"/></EntityType>
			<EntityType Name="zinventory" sap:content-version="1">
				<Key><PropertyRef Name="Matnr"/><PropertyRef Name="Maktx"/></Key><Property Name="Lifnr" Type="Edm.String" Nullable="false" MaxLength="10" sap:unicode="false" sap:label="Vendor" sap:creatable="false"
					sap:updatable="false" sap:sortable="false" sap:filterable="false"/><Property Name="Matnr" Type="Edm.String" Nullable="false" MaxLength="40" sap:unicode="false" sap:label="Material" sap:creatable="false"
					sap:updatable="false"/><Property Name="Netpr" Type="Edm.Decimal" Nullable="false" Precision="12" Scale="3" sap:unicode="false" sap:label="Net Price"
					sap:creatable="false" sap:updatable="false" sap:sortable="false" sap:filterable="false"/><Property Name="InfoRecord" Type="Edm.String" Nullable="false" MaxLength="10" sap:unicode="false" sap:label="Info record"
					sap:creatable="false" sap:updatable="false" sap:sortable="false" sap:filterable="false"/><Property Name="Lblab" Type="Edm.Decimal" Nullable="false" Precision="13" Scale="3" sap:unicode="false" sap:label="Unrestricted"
					sap:creatable="false" sap:updatable="false" sap:sortable="false" sap:filterable="false"/><Property Name="Werks" Type="Edm.String" Nullable="false" MaxLength="4" sap:unicode="false" sap:label="Plant" sap:creatable="false"
					sap:updatable="false"/><Property Name="Lbins" Type="Edm.Decimal" Nullable="false" Precision="13" Scale="3" sap:unicode="false" sap:label="Quality Insp."
					sap:creatable="false" sap:updatable="false" sap:sortable="false" sap:filterable="false"/><Property Name="Lgort" Type="Edm.String" Nullable="false" MaxLength="4" sap:unicode="false" sap:label="Stor. Loc." sap:creatable="false"
					sap:updatable="false"/><Property Name="Name1" Type="Edm.String" Nullable="false" MaxLength="30" sap:unicode="false" sap:label="Name 1" sap:creatable="false"
					sap:updatable="false" sap:sortable="false" sap:filterable="false"/><Property Name="Labst" Type="Edm.Decimal" Nullable="false" Precision="13" Scale="3" sap:unicode="false" sap:label="Unrestricted"
					sap:creatable="false" sap:updatable="false" sap:sortable="false" sap:filterable="false"/><Property Name="Meins" Type="Edm.String" Nullable="false" MaxLength="3" sap:unicode="false" sap:label="Base Unit" sap:creatable="false"
					sap:updatable="false" sap:sortable="false" sap:filterable="false" sap:semantics="unit-of-measure"/><Property Name="Insme" Type="Edm.Decimal" Nullable="false" Precision="13" Scale="3" sap:unicode="false" sap:label="Quality Insp."
					sap:creatable="false" sap:updatable="false" sap:sortable="false" sap:filterable="false"/><Property Name="Maktx" Type="Edm.String" Nullable="false" MaxLength="40" sap:unicode="false" sap:label="Description" sap:creatable="false"
					sap:updatable="false" sap:sortable="false" sap:filterable="false"/><Property Name="Einme" Type="Edm.Decimal" Nullable="false" Precision="13" Scale="3" sap:unicode="false" sap:label="Restricted-Use"
					sap:creatable="false" sap:updatable="false" sap:sortable="false" sap:filterable="false"/><Property Name="Speme" Type="Edm.Decimal" Nullable="false" Precision="13" Scale="3" sap:unicode="false" sap:label="Blocked"
					sap:creatable="false" sap:updatable="false" sap:sortable="false" sap:filterable="false"/><Property Name="Retme" Type="Edm.Decimal" Nullable="false" Precision="13" Scale="3" sap:unicode="false" sap:label="Returns"
					sap:creatable="false" sap:updatable="false" sap:sortable="false" sap:filterable="false"/><Property Name="Wears" Type="Edm.String" Nullable="false" MaxLength="5" sap:unicode="false" sap:label="Currency Key" sap:creatable="false"
					sap:updatable="false" sap:sortable="false" sap:filterable="false" sap:semantics="currency-code"/><Property Name="Ekorg" Type="Edm.String" Nullable="false" MaxLength="4" sap:unicode="false" sap:label="Purchasing organization"
					sap:creatable="false" sap:updatable="false" sap:sortable="false" sap:filterable="false"/><Property Name="Charg" Type="Edm.String" Nullable="false" MaxLength="10" sap:unicode="false" sap:label="Batch Number" sap:creatable="false"
					sap:updatable="false" sap:sortable="false" sap:filterable="false"/></EntityType>
			<EntityType Name="iwb_monitor" sap:content-version="1">
				<Key><PropertyRef Name="PoNumber"/><PropertyRef Name="Filename"/></Key><Property Name="PoNumber" Type="Edm.String" Nullable="false" MaxLength="10" sap:unicode="false" sap:label="Purchasing Doc."
					sap:creatable="false" sap:updatable="false" sap:sortable="false" sap:filterable="false"/><Property Name="Type" Type="Edm.String" Nullable="false" MaxLength="7" sap:unicode="false" sap:label="TYPE" sap:creatable="false"
					sap:updatable="false" sap:sortable="false"/><Property Name="Filename" Type="Edm.String" Nullable="false" MaxLength="100" sap:unicode="false" sap:label="Character 100"
					sap:creatable="false" sap:updatable="false" sap:sortable="false" sap:filterable="false"/><Property Name="VendorName" Type="Edm.String" Nullable="false" MaxLength="35" sap:unicode="false" sap:label="Name" sap:creatable="false"
					sap:updatable="false" sap:sortable="false"/><Property Name="Vendor" Type="Edm.String" Nullable="false" MaxLength="10" sap:unicode="false" sap:label="Vendor" sap:creatable="false"
					sap:updatable="false" sap:sortable="false" sap:filterable="false"/><Property Name="Plant" Type="Edm.String" Nullable="false" MaxLength="4" sap:unicode="false" sap:label="Plant" sap:creatable="false"
					sap:updatable="false" sap:sortable="false"/><Property Name="PlantName" Type="Edm.String" Nullable="false" MaxLength="30" sap:unicode="false" sap:label="Name 1" sap:creatable="false"
					sap:updatable="false" sap:sortable="false" sap:filterable="false"/><Property Name="Matnr" Type="Edm.String" Nullable="false" MaxLength="40" sap:unicode="false" sap:label="Material" sap:creatable="false"
					sap:updatable="false" sap:sortable="false" sap:filterable="false"/><Property Name="Maktx" Type="Edm.String" Nullable="false" MaxLength="40" sap:unicode="false" sap:label="Description" sap:creatable="false"
					sap:updatable="false" sap:sortable="false" sap:filterable="false"/><Property Name="CreatedBy" Type="Edm.String" Nullable="false" MaxLength="12" sap:unicode="false" sap:label="Created by"
					sap:creatable="false" sap:updatable="false" sap:sortable="false" sap:filterable="false"/><Property Name="CreatedDate" Type="Edm.DateTime" Precision="7" sap:unicode="false" sap:label="Created on" sap:creatable="false"
					sap:updatable="false" sap:sortable="false"/><Property Name="ErrorMessage" Type="Edm.String" Nullable="false" MaxLength="200" sap:unicode="false" sap:label="Text (200 char)"
					sap:creatable="false" sap:updatable="false" sap:sortable="false" sap:filterable="false"/></EntityType>
			<EntityType Name="stock_display" sap:content-version="1">
				<Key><PropertyRef Name="Matnr"/><PropertyRef Name="Werks"/><PropertyRef Name="Lgort"/></Key><Property Name="Matnr" Type="Edm.String" Nullable="false" MaxLength="40" sap:unicode="false" sap:label="Material" sap:creatable="false"
					sap:updatable="false" sap:sortable="false" sap:filterable="false"/><Property Name="Werks" Type="Edm.String" Nullable="false" MaxLength="4" sap:unicode="false" sap:label="Plant" sap:creatable="false"
					sap:updatable="false" sap:sortable="false" sap:filterable="false"/><Property Name="Lgort" Type="Edm.String" Nullable="false" MaxLength="4" sap:unicode="false" sap:label="Stor. Loc." sap:creatable="false"
					sap:updatable="false" sap:sortable="false" sap:filterable="false"/><Property Name="Labst" Type="Edm.Decimal" Nullable="false" Precision="13" Scale="3" sap:unicode="false" sap:label="Unrestricted"
					sap:creatable="false" sap:updatable="false" sap:sortable="false" sap:filterable="false"/><Property Name="Insme" Type="Edm.Decimal" Nullable="false" Precision="13" Scale="3" sap:unicode="false" sap:label="Quality Insp."
					sap:creatable="false" sap:updatable="false" sap:sortable="false" sap:filterable="false"/><Property Name="Einme" Type="Edm.Decimal" Nullable="false" Precision="13" Scale="3" sap:unicode="false" sap:label="Restricted-Use"
					sap:creatable="false" sap:updatable="false" sap:sortable="false" sap:filterable="false"/><Property Name="Speme" Type="Edm.Decimal" Nullable="false" Precision="13" Scale="3" sap:unicode="false" sap:label="Blocked"
					sap:creatable="false" sap:updatable="false" sap:sortable="false" sap:filterable="false"/><Property Name="Retme" Type="Edm.Decimal" Nullable="false" Precision="13" Scale="3" sap:unicode="false" sap:label="Returns"
					sap:creatable="false" sap:updatable="false" sap:sortable="false" sap:filterable="false"/><Property Name="Maktx" Type="Edm.String" Nullable="false" MaxLength="40" sap:unicode="false" sap:label="Description" sap:creatable="false"
					sap:updatable="false" sap:sortable="false" sap:filterable="false"/><Property Name="Lifnr" Type="Edm.String" Nullable="false" MaxLength="10" sap:unicode="false" sap:label="Vendor" sap:creatable="false"
					sap:updatable="false" sap:sortable="false" sap:filterable="false"/><Property Name="Lblab" Type="Edm.Decimal" Nullable="false" Precision="13" Scale="3" sap:unicode="false" sap:label="Unrestricted"
					sap:creatable="false" sap:updatable="false" sap:sortable="false" sap:filterable="false"/><Property Name="Lbins" Type="Edm.Decimal" Nullable="false" Precision="13" Scale="3" sap:unicode="false" sap:label="Quality Insp."
					sap:creatable="false" sap:updatable="false" sap:sortable="false" sap:filterable="false"/></EntityType>
			<EntityType Name="ZRETURN_MSGS" sap:content-version="1">
				<Key><PropertyRef Name="PoNumber"/></Key><Property Name="PoNumber" Type="Edm.String" Nullable="false" MaxLength="15" sap:unicode="false" sap:label="Char15" sap:creatable="false"
					sap:updatable="false" sap:sortable="false" sap:filterable="false"/><Property Name="Status" Type="Edm.String" Nullable="false" MaxLength="7" sap:unicode="false" sap:label="Character field, length 7"
					sap:creatable="false" sap:updatable="false" sap:sortable="false" sap:filterable="false"/></EntityType>
			<EntityType Name="Stock" sap:content-version="1">
				<Key><PropertyRef Name="Matnr"/><PropertyRef Name="Werks"/><PropertyRef Name="Lgort"/></Key><Property Name="Matnr" Type="Edm.String" Nullable="false" MaxLength="40" sap:unicode="false" sap:label="Material" sap:creatable="false"
					sap:updatable="false"/><Property Name="Werks" Type="Edm.String" Nullable="false" MaxLength="4" sap:unicode="false" sap:label="Plant" sap:creatable="false"
					sap:updatable="false"/><Property Name="Lgort" Type="Edm.String" Nullable="false" MaxLength="4" sap:unicode="false" sap:label="Stor. Loc." sap:creatable="false"
					sap:updatable="false"/><Property Name="Labst" Type="Edm.Decimal" Nullable="false" Precision="13" Scale="3" sap:unicode="false" sap:label="Unrestricted"
					sap:creatable="false" sap:updatable="false" sap:sortable="false" sap:filterable="false"/><Property Name="Einme" Type="Edm.Decimal" Nullable="false" Precision="13" Scale="3" sap:unicode="false" sap:label="Restricted-Use"
					sap:creatable="false" sap:updatable="false" sap:sortable="false" sap:filterable="false"/><Property Name="Insme" Type="Edm.Decimal" Nullable="false" Precision="13" Scale="3" sap:unicode="false" sap:label="Quality Inspection"
					sap:creatable="false" sap:updatable="false" sap:sortable="false" sap:filterable="false"/><Property Name="Speme" Type="Edm.Decimal" Nullable="false" Precision="13" Scale="3" sap:unicode="false" sap:label="Blocked"
					sap:creatable="false" sap:updatable="false" sap:sortable="false" sap:filterable="false"/><Property Name="Retme" Type="Edm.Decimal" Nullable="false" Precision="13" Scale="3" sap:unicode="false" sap:label="Returns"
					sap:creatable="false" sap:updatable="false" sap:sortable="false" sap:filterable="false"/></EntityType>
			<EntityType Name="PO_Display1" sap:content-version="1">
				<Key><PropertyRef Name="Ebeln"/><PropertyRef Name="Belnr"/><PropertyRef Name="Ebelp"/></Key><Property Name="Ebeln" Type="Edm.String" Nullable="false" MaxLength="10" sap:unicode="false" sap:label="Purchasing Doc."
					sap:creatable="false" sap:updatable="false"/><Property Name="InvoiceNum" Type="Edm.String" Nullable="false" MaxLength="10" sap:unicode="false" sap:label="Material Doc."
					sap:creatable="false" sap:updatable="false" sap:sortable="false" sap:filterable="false"/><Property Name="Vbeln" Type="Edm.String" Nullable="false" MaxLength="10" sap:unicode="false" sap:label="Delivery" sap:creatable="false"
					sap:updatable="false" sap:sortable="false" sap:filterable="false"/><Property Name="Bukrs" Type="Edm.String" Nullable="false" MaxLength="4" sap:unicode="false" sap:label="Company Code" sap:creatable="false"
					sap:updatable="false" sap:sortable="false" sap:filterable="false"/><Property Name="Vbelp" Type="Edm.String" Nullable="false" MaxLength="6" sap:unicode="false" sap:label="Item" sap:creatable="false"
					sap:updatable="false" sap:sortable="false" sap:filterable="false"/><Property Name="Bstyp" Type="Edm.String" Nullable="false" MaxLength="1" sap:unicode="false" sap:label="Doc. Category" sap:creatable="false"
					sap:updatable="false" sap:sortable="false" sap:filterable="false"/><Property Name="TXZ01" Type="Edm.String" Nullable="false" MaxLength="40" sap:unicode="false" sap:label="Short Text" sap:creatable="false"
					sap:updatable="false" sap:sortable="false" sap:filterable="false"/><Property Name="Eindt" Type="Edm.DateTime" Precision="7" sap:unicode="false" sap:label="Delivery Date" sap:creatable="false"
					sap:updatable="false" sap:sortable="false" sap:filterable="false"/><Property Name="Bsart" Type="Edm.String" Nullable="false" MaxLength="4" sap:unicode="false" sap:label="Order Type" sap:creatable="false"
					sap:updatable="false" sap:sortable="false" sap:filterable="false"/><Property Name="Menge" Type="Edm.Decimal" Nullable="false" Precision="13" Scale="3" sap:unicode="false" sap:label="Quantity"
					sap:creatable="false" sap:updatable="false" sap:sortable="false" sap:filterable="false"/><Property Name="Aedat" Type="Edm.DateTime" Precision="7" sap:unicode="false" sap:label="Changed On" sap:creatable="false"
					sap:updatable="false" sap:sortable="false" sap:filterable="false"/><Property Name="Mblnr" Type="Edm.String" Nullable="false" MaxLength="10" sap:unicode="false" sap:label="Material Doc." sap:creatable="false"
					sap:updatable="false" sap:sortable="false" sap:filterable="false"/><Property Name="Lifnr" Type="Edm.String" Nullable="false" MaxLength="10" sap:unicode="false" sap:label="Vendor" sap:creatable="false"
					sap:updatable="false" sap:sortable="false" sap:filterable="false"/><Property Name="Matnr" Type="Edm.String" Nullable="false" MaxLength="40" sap:unicode="false" sap:label="Material" sap:creatable="false"
					sap:updatable="false" sap:sortable="false" sap:filterable="false"/><Property Name="Insmk" Type="Edm.String" Nullable="false" MaxLength="1" sap:unicode="false" sap:label="Stock Type" sap:creatable="false"
					sap:updatable="false" sap:sortable="false" sap:filterable="false"/><Property Name="Name1" Type="Edm.String" Nullable="false" MaxLength="30" sap:unicode="false" sap:label="Name 1" sap:creatable="false"
					sap:updatable="false" sap:sortable="false" sap:filterable="false"/><Property Name="Werks" Type="Edm.String" Nullable="false" MaxLength="4" sap:unicode="false" sap:label="Plant" sap:creatable="false"
					sap:updatable="false" sap:sortable="false" sap:filterable="false"/><Property Name="Lgort" Type="Edm.String" Nullable="false" MaxLength="4" sap:unicode="false" sap:label="Stor. Loc." sap:creatable="false"
					sap:updatable="false" sap:sortable="false" sap:filterable="false"/><Property Name="Meins" Type="Edm.String" Nullable="false" MaxLength="3" sap:unicode="false" sap:label="Base Unit" sap:creatable="false"
					sap:updatable="false" sap:sortable="false" sap:filterable="false" sap:semantics="unit-of-measure"/><Property Name="BurksG" Type="Edm.String" Nullable="false" MaxLength="4" sap:unicode="false" sap:label="Company Code" sap:creatable="false"
					sap:updatable="false" sap:sortable="false" sap:filterable="false"/><Property Name="Belnr" Type="Edm.String" Nullable="false" MaxLength="10" sap:unicode="false" sap:label="Document Number"
					sap:creatable="false" sap:updatable="false" sap:sortable="false" sap:filterable="false"/><Property Name="Dmbtr" Type="Edm.Decimal" Nullable="false" Precision="24" Scale="3" sap:unicode="false" sap:label="Amount in LC"
					sap:creatable="false" sap:updatable="false" sap:sortable="false" sap:filterable="false"/><Property Name="Mwsts" Type="Edm.Decimal" Nullable="false" Precision="24" Scale="3" sap:unicode="false" sap:label="LC Tax"
					sap:creatable="false" sap:updatable="false" sap:sortable="false" sap:filterable="false"/><Property Name="Augdt" Type="Edm.DateTime" Precision="7" sap:unicode="false" sap:label="Clearing" sap:creatable="false"
					sap:updatable="false" sap:sortable="false" sap:filterable="false"/><Property Name="plantname" Type="Edm.String" Nullable="false" MaxLength="30" sap:unicode="false" sap:label="Plant Name"
					sap:creatable="false" sap:updatable="false" sap:sortable="false" sap:filterable="false"/><Property Name="Ebelp" Type="Edm.String" Nullable="false" MaxLength="5" sap:unicode="false" sap:label="ItemNumber" sap:creatable="false"
					sap:updatable="false" sap:sortable="false" sap:filterable="false"/><Property Name="EMLIF" Type="Edm.String" Nullable="false" MaxLength="10" sap:unicode="false" sap:label="Supplier to be Supplied/"
					sap:creatable="false" sap:updatable="false" sap:sortable="false" sap:filterable="false"/></EntityType>
			<EntityType Name="down_f" sap:content-version="1">
				<Key><PropertyRef Name="Type"/></Key><Property Name="Type" Type="Edm.String" Nullable="false" MaxLength="100" sap:unicode="false" sap:label="Character 100" sap:creatable="false"
					sap:updatable="false" sap:sortable="false" sap:filterable="false"/></EntityType>
			<EntityType Name="PlantInfo" sap:content-version="1">
				<Key><PropertyRef Name="Werks"/></Key><Property Name="Werks" Type="Edm.String" Nullable="false" MaxLength="4" sap:unicode="false" sap:label="Plant" sap:creatable="false"
					sap:updatable="false" sap:sortable="false" sap:filterable="false"/><Property Name="Name1" Type="Edm.String" Nullable="false" MaxLength="30" sap:unicode="false" sap:label="Name 1" sap:creatable="false"
					sap:updatable="false" sap:sortable="false"/></EntityType>
			<EntityType Name="vendor_info" sap:content-version="1">
				<Key><PropertyRef Name="Lifnr"/></Key><Property Name="Lifnr" Type="Edm.String" Nullable="false" MaxLength="10" sap:unicode="false" sap:label="Vendor" sap:creatable="false"
					sap:updatable="false" sap:sortable="false" sap:filterable="false"/><Property Name="Name1" Type="Edm.String" Nullable="false" MaxLength="35" sap:unicode="false" sap:label="Name" sap:creatable="false"
					sap:updatable="false" sap:sortable="false"/><Property Name="Ort01" Type="Edm.String" Nullable="false" MaxLength="35" sap:unicode="false" sap:label="City" sap:creatable="false"
					sap:updatable="false" sap:sortable="false" sap:filterable="false"/></EntityType>
			<EntityType Name="Return_ap" sap:content-version="1">
				<Key><PropertyRef Name="PoNumber"/></Key><Property Name="PoNumber" Type="Edm.String" Nullable="false" MaxLength="10" sap:unicode="false" sap:label="Purchasing Doc."
					sap:creatable="false" sap:updatable="false" sap:sortable="false" sap:filterable="false"/><Property Name="Status" Type="Edm.String" Nullable="false" MaxLength="30" sap:unicode="false" sap:label="status" sap:creatable="false"
					sap:updatable="false" sap:sortable="false" sap:filterable="false"/><Property Name="StatusInd" Type="Edm.String" Nullable="false" MaxLength="1" sap:unicode="false" sap:label="status indicator"
					sap:creatable="false" sap:updatable="false" sap:sortable="false" sap:filterable="false"/><Property Name="Remark" Type="Edm.String" Nullable="false" sap:unicode="false" sap:label="Remark" sap:creatable="false"
					sap:updatable="false" sap:sortable="false" sap:filterable="false"/><Property Name="DocType" Type="Edm.String" Nullable="false" MaxLength="4" sap:unicode="false" sap:label="Document Type"
					sap:creatable="false" sap:updatable="false" sap:sortable="false" sap:filterable="false"/></EntityType>
			<EntityContainer Name="ZUPLOAD_FILE_NEW_SRV_Entities" m:IsDefaultEntityContainer="true" sap:supported-formats="atom json xlsx"><EntitySet Name="FILESet" EntityType="ZUPLOAD_FILE_NEW_SRV.FILE" sap:creatable="false" sap:updatable="false" sap:deletable="false"
				sap:pageable="false" sap:content-version="1"/><EntitySet Name="ERROR_RECORDSSet" EntityType="ZUPLOAD_FILE_NEW_SRV.ERROR_RECORDS" sap:creatable="false" sap:updatable="false"
				sap:deletable="false" sap:pageable="false" sap:content-version="1"/><EntitySet Name="So_DisplaySet" EntityType="ZUPLOAD_FILE_NEW_SRV.So_Display" sap:creatable="false" sap:updatable="false"
				sap:deletable="false" sap:pageable="false" sap:addressable="false" sap:content-version="1"/><EntitySet Name="zinventorySet" EntityType="ZUPLOAD_FILE_NEW_SRV.zinventory" sap:creatable="false" sap:updatable="false"
				sap:deletable="false" sap:pageable="false" sap:content-version="1"/><EntitySet Name="iwb_monitorSet" EntityType="ZUPLOAD_FILE_NEW_SRV.iwb_monitor" sap:creatable="false" sap:updatable="false"
				sap:deletable="false" sap:pageable="false" sap:content-version="1"/><EntitySet Name="stock_displaySet" EntityType="ZUPLOAD_FILE_NEW_SRV.stock_display" sap:creatable="false" sap:updatable="false"
				sap:deletable="false" sap:pageable="false" sap:content-version="1"/><EntitySet Name="ZRETURN_MSGSSet" EntityType="ZUPLOAD_FILE_NEW_SRV.ZRETURN_MSGS" sap:creatable="false" sap:updatable="false"
				sap:deletable="false" sap:pageable="false" sap:content-version="1"/><EntitySet Name="StockSet" EntityType="ZUPLOAD_FILE_NEW_SRV.Stock" sap:creatable="false" sap:updatable="false" sap:deletable="false"
				sap:searchable="true" sap:pageable="false" sap:content-version="1"/><EntitySet Name="PO_Display1Set" EntityType="ZUPLOAD_FILE_NEW_SRV.PO_Display1" sap:creatable="false" sap:updatable="false"
				sap:deletable="false" sap:pageable="false" sap:addressable="false" sap:content-version="1"/><EntitySet Name="down_fSet" EntityType="ZUPLOAD_FILE_NEW_SRV.down_f" sap:creatable="false" sap:updatable="false" sap:deletable="false"
				sap:pageable="false" sap:content-version="1"/><EntitySet Name="PlantInfoSet" EntityType="ZUPLOAD_FILE_NEW_SRV.PlantInfo" sap:creatable="false" sap:updatable="false" sap:deletable="false"
				sap:pageable="false" sap:content-version="1"/><EntitySet Name="vendor_infoSet" EntityType="ZUPLOAD_FILE_NEW_SRV.vendor_info" sap:creatable="false" sap:updatable="false"
				sap:deletable="false" sap:pageable="false" sap:content-version="1"/><EntitySet Name="Return_apSet" EntityType="ZUPLOAD_FILE_NEW_SRV.Return_ap" sap:creatable="false" sap:updatable="false" sap:deletable="false"
				sap:pageable="false" sap:content-version="1"/></EntityContainer><atom:link rel="self"
				href="https://webidecp-s0016290925trial.dispatcher.hanatrial.ondemand.com/destinations/s4hana1809/sap/opu/odata/sap/ZUPLOAD_FILE_NEW_SRV/$metadata"
				xmlns:atom="http://www.w3.org/2005/Atom"/><atom:link rel="latest-version"
				href="https://webidecp-s0016290925trial.dispatcher.hanatrial.ondemand.com/destinations/s4hana1809/sap/opu/odata/sap/ZUPLOAD_FILE_NEW_SRV/$metadata"
				xmlns:atom="http://www.w3.org/2005/Atom"/></Schema>
	</edmx:DataServices>
</edmx:Edmx>