{
  "test/unit/AllTests-dbg.js": 1592538028000,
  "controller/Portal.controller.js": 1592538028000,
  "test/unit/controller/Portal.controller.js": 1592538028000,
  "test/integration/pages/Portal.js": 1592538028000,
  "test/integration/arrangements/Startup.js": 1592538028000,
  "test/unit/unitTests.qunit.js": 1592538028000,
  "test/unit/AllTests.js": 1592538028000,
  "test/integration/opaTests.qunit.js": 1592538028000,
  "test/integration/NavigationJourney.js": 1592538028000,
  "test/integration/AllJourneys.js": 1592538028000,
  "test/testsuite.qunit.js": 1592538028000,
  "model/models.js": 1592538028000,
  "manifest.json": 1592548845811,
  "serviceBinding.js": 1592538028000,
  "Formatter.js": 1592538028000,
  "Component.js": 1592538028000,
  "manifest-bundle.zip": 1592548845185,
  "Component-preload.js": 1592548845625,
  "test/integration/pages/Portal-dbg.js": 1592538028000,
  "test/unit/controller/Portal-dbg.controller.js": 1592538028000,
  "test/integration/arrangements/Startup-dbg.js": 1592538028000,
  "test/unit/unitTests.qunit-dbg.js": 1592538028000,
  "i18n/i18n.properties": 1592538028000,
  "test/integration/opaTests.qunit-dbg.js": 1592538028000,
  "test/integration/NavigationJourney-dbg.js": 1592538028000,
  "test/integration/AllJourneys-dbg.js": 1592538028000,
  "test/testsuite.qunit-dbg.js": 1592538028000,
  "model/models-dbg.js": 1592538028000,
  "controller/Portal-dbg.controller.js": 1592538028000,
  "serviceBinding-dbg.js": 1592538028000,
  "Formatter-dbg.js": 1592538028000,
  "Component-dbg.js": 1592538028000,
  "neo-app.json": 1592548845802,
  "di.code-validation.core_issues.json": 1592548848021,
  "resources.json": 1592548848034,
  "test/unit/unitTests.qunit.html": 1592538028000,
  "test/integration/opaTests.qunit.html": 1592538028000,
  "view/Portal.view.xml": 1592538028000,
  "test/testsuite.qunit.html": 1592538028000,
  "localService/metadata.xml": 1592538028000,
  "fragments/portal.fragment.xml": 1592538028000,
  "fragments/UploadMessanger.fragment.xml": 1592538028000,
  "css/style.css": 1592538028000,
  "index.html": 1592538028000
}