<core:FragmentDefinition xmlns="sap.m" xmlns:l="sap.ui.layout" xmlns:f="sap.ui.layout.form" xmlns:core="sap.ui.core">
	<Dialog title="Documents Information">
		<List headerText="Success/Errors Messages" items="{/}">
			<StandardListItem title="{title}" counter="{counter}" description="{description}"/>
		</List>
	<beginButton>
		<!--<Button text="close" icon="sap-icon://decline" press="close"/>-->
		<Button text="Close"  press="close" type = "Accept"/>
	</beginButton>
	</Dialog>
</core:FragmentDefinition>